supplier_id,item_number,street,city,state,zip_code
1,65,Ridgeway,Jackson,Mississippi,39296
2,7,Dottie,New Orleans,Louisiana,70187
3,27,Old Gate,Kansas City,Missouri,64187
4,52,Hovde,Salt Lake City,Utah,84130
5,59,Scott,Gary,Indiana,46406
6,98,Bellgrove,Augusta,Georgia,30919
7,71,Leroy,Des Moines,Iowa,50347
8,6,Lotheville,Salem,Oregon,97312
9,72,Bay,Springfield,Illinois,62723
10,52,Florence,Honolulu,Hawaii,96820
11,94,Mccormick,Long Beach,California,90810
12,78,Kings,Pittsburgh,Pennsylvania,15274
13,29,Mayer,Phoenix,Arizona,85053
14,43,Lindbergh,Carol Stream,Illinois,60158
15,98,Clove,Honolulu,Hawaii,96805
16,35,Myrtle,Springfield,Illinois,62794
17,92,Hermina,New Haven,Connecticut,06510
18,42,Surrey,Hot Springs National Park,Arkansas,71914
19,87,Calypso,Los Angeles,California,90005
20,12,Westend,Panama City,Florida,32412
21,16,Sachtjen,Oklahoma City,Oklahoma,73152
22,80,Troy,Odessa,Texas,79769
23,10,Miller,Philadelphia,Pennsylvania,19146
24,68,Jackson,Austin,Texas,78764
25,9,Anniversary,Shreveport,Louisiana,71130
26,8,Superior,Austin,Texas,78789
27,41,Moulton,Scranton,Pennsylvania,18505
28,18,Jay,Southfield,Michigan,48076
29,72,Dapin,Minneapolis,Minnesota,55417
30,23,Rusk,Pensacola,Florida,32526
31,71,Lighthouse Bay,Denver,Colorado,80235
32,97,Golf View,Saint Paul,Minnesota,55172
33,79,Tomscot,Fort Lauderdale,Florida,33330
34,95,Fremont,Tyler,Texas,75710
35,91,Harper,Fresno,California,93762
36,82,Sloan,Amarillo,Texas,79182
37,35,Helena,Lake Charles,Louisiana,70616
38,25,8th,Pasadena,California,91117
39,56,Crowley,Dallas,Texas,75397
40,36,Cottonwood,Lake Worth,Florida,33467
41,28,Hanover,Norwalk,Connecticut,06859
42,42,Tony,El Paso,Texas,88546
43,1,Manitowish,Indianapolis,Indiana,46216
44,50,East,Redwood City,California,94064
45,56,Hanover,Savannah,Georgia,31410
46,70,Dexter,San Jose,California,95194
47,73,Sloan,Van Nuys,California,91411
48,34,Golf,Colorado Springs,Colorado,80910
49,44,Vernon,Houston,Texas,77070
50,59,Arizona,Garland,Texas,75049
51,37,Hermina,Tulsa,Oklahoma,74193
52,60,Clove,Columbus,Ohio,43204
53,55,Wayridge,Spokane,Washington,99252
54,51,Harper,San Jose,California,95133
55,50,Sheridan,Boise,Idaho,83727
56,73,Troy,Trenton,New Jersey,08638
57,24,Emmet,Albuquerque,New Mexico,87195
58,32,New Castle,Sacramento,California,95828
59,6,Rockefeller,Sacramento,California,94207
60,26,Crescent Oaks,Montgomery,Alabama,36195
61,38,Katie,Bronx,New York,10459
62,71,Thierer,Washington,District of Columbia,20260
63,75,Brentwood,Baton Rouge,Louisiana,70815
64,14,Hoard,Los Angeles,California,90035
65,30,Sheridan,Saint Paul,Minnesota,55172
66,95,Independence,Brooklyn,New York,11236
67,57,Judy,San Diego,California,92191
68,38,Elgar,Washington,District of Columbia,56944
69,13,Vermont,Van Nuys,California,91411
70,9,Fairfield,Shreveport,Louisiana,71161
71,38,7th,Richmond,Virginia,23260
72,9,Lindbergh,Sterling,Virginia,20167
73,48,Village,Fort Collins,Colorado,80525
74,54,Maple Wood,San Francisco,California,94177
75,95,Pond,Charleston,West Virginia,25331
76,76,Kedzie,Tucson,Arizona,85705
77,63,Mariners Cove,Kansas City,Missouri,64142
78,6,Dorton,Oklahoma City,Oklahoma,73190
79,31,Blue Bill Park,Houston,Texas,77218
80,22,Arkansas,Reading,Pennsylvania,19610
81,67,3rd,Las Vegas,Nevada,89110
82,57,Colorado,Wilmington,Delaware,19897
83,39,Banding,Bronx,New York,10464
84,20,Merchant,Montgomery,Alabama,36109
85,98,School,Helena,Montana,59623
86,39,Delladonna,Clearwater,Florida,33758
87,80,Longview,Cleveland,Ohio,44197
88,6,Meadow Ridge,Saint Petersburg,Florida,33715
89,23,Dorton,Pasadena,California,91109
90,21,High Crossing,Austin,Texas,78783
91,60,Basil,Huntington Beach,California,92648
92,21,Rockefeller,Decatur,Illinois,62525
93,94,Dapin,New York City,New York,10175
94,90,Hermina,San Diego,California,92176
95,71,Pennsylvania,Wichita,Kansas,67220
96,17,Hermina,Denver,Colorado,80243
97,11,Springs,Columbus,Ohio,43210
98,42,Hudson,Pensacola,Florida,32526
99,86,Bluestem,Cumming,Georgia,30130
100,99,Fordem,Atlanta,Georgia,30368
101,38,Chinook,Evansville,Indiana,47732
102,86,Dunning,Springfield,Virginia,22156
103,45,Stone Corner,Amarillo,Texas,79182
104,33,Raven,Tacoma,Washington,98417
105,21,Redwing,Birmingham,Alabama,35290
106,34,Carberry,Denver,Colorado,80235
107,31,Sauthoff,Los Angeles,California,90071
108,30,Washington,Syracuse,New York,13205
109,4,Scoville,Fredericksburg,Virginia,22405
110,82,Bellgrove,Sarasota,Florida,34238
111,61,Spohn,Lexington,Kentucky,40591
112,45,Vidon,New York City,New York,10099
113,26,Charing Cross,Alexandria,Louisiana,71307
114,54,Hoard,Columbia,South Carolina,29203
115,3,Service,Louisville,Kentucky,40233
116,10,Veith,Saint Louis,Missouri,63167
117,1,Dayton,Charleston,West Virginia,25321
118,90,Mcbride,New Haven,Connecticut,06520
119,2,Dayton,Spokane,Washington,99210
120,62,Dexter,Glendale,Arizona,85305
121,94,Granby,Jamaica,New York,11436
122,10,Haas,Saint Joseph,Missouri,64504
123,92,Sachtjen,Denver,Colorado,80204
124,68,Anderson,Santa Cruz,California,95064
125,69,Scofield,Memphis,Tennessee,38197
126,53,Heffernan,Concord,California,94522
127,91,Dunning,Tampa,Florida,33633
128,78,Upham,San Diego,California,92176
129,82,South,Springfield,Illinois,62723
130,55,Buhler,San Antonio,Texas,78215
131,96,Fremont,Palmdale,California,93591
132,32,Ryan,Washington,District of Columbia,20310
133,21,Londonderry,San Bernardino,California,92405
134,74,Bay,Macon,Georgia,31296
135,73,Bowman,Athens,Georgia,30610
136,46,Dryden,Greenville,South Carolina,29615
137,41,Harbort,Dayton,Ohio,45419
138,14,Eagle Crest,Providence,Rhode Island,02912
139,84,Lunder,Reno,Nevada,89519
140,1,Linden,Beaverton,Oregon,97075
141,66,4th,Bloomington,Illinois,61709
142,27,Lukken,Athens,Georgia,30610
143,28,Carpenter,Orlando,Florida,32885
144,5,Butternut,Waterbury,Connecticut,06721
145,7,Banding,Bronx,New York,10454
146,41,Gina,Memphis,Tennessee,38197
147,13,La Follette,Terre Haute,Indiana,47805
148,73,Hallows,Montgomery,Alabama,36125
149,41,South,Orlando,Florida,32868
150,81,Goodland,Wilmington,North Carolina,28410
151,20,Waxwing,Washington,District of Columbia,20036
152,90,Randy,Rochester,Minnesota,55905
153,1,Stuart,Vero Beach,Florida,32969
154,33,Anthes,Hamilton,Ohio,45020
155,51,Loftsgordon,Madison,Wisconsin,53785
156,42,Mandrake,Orlando,Florida,32830
157,77,Transport,Colorado Springs,Colorado,80951
158,7,Glacier Hill,Charlotte,North Carolina,28278
159,61,Bultman,Killeen,Texas,76544
160,98,Mariners Cove,Albany,New York,12227
161,70,Bunker Hill,Dayton,Ohio,45426
162,71,Texas,Kalamazoo,Michigan,49006
163,70,Ronald Regan,Reading,Pennsylvania,19605
164,28,Pond,Tucson,Arizona,85715
165,16,Ridgeway,Colorado Springs,Colorado,80925
166,26,Lukken,Tyler,Texas,75710
167,46,Kingsford,Oklahoma City,Oklahoma,73152
168,76,Sutherland,Stockton,California,95210
169,75,Mendota,San Antonio,Texas,78220
170,8,Vermont,Washington,District of Columbia,20073
171,98,Nelson,Fairbanks,Alaska,99709
172,13,Chinook,Humble,Texas,77346
173,29,Arrowood,Baton Rouge,Louisiana,70820
174,42,Hollow Ridge,Memphis,Tennessee,38181
175,5,Orin,Austin,Texas,78726
176,80,Cody,Fresno,California,93704
177,13,Muir,Charlotte,North Carolina,28235
178,36,Main,North Hollywood,California,91606
179,20,Rigney,Houston,Texas,77045
180,38,Buhler,Appleton,Wisconsin,54915
181,97,Cambridge,Fort Wayne,Indiana,46825
182,41,Jenna,Bloomington,Illinois,61709
183,42,Reindahl,Savannah,Georgia,31422
184,10,Paget,Jefferson City,Missouri,65110
185,33,Barby,Omaha,Nebraska,68124
186,63,Sloan,Indianapolis,Indiana,46207
187,99,Clarendon,Houston,Texas,77260
188,38,Loftsgordon,Madison,Wisconsin,53785
189,96,Warner,Akron,Ohio,44305
190,12,7th,San Diego,California,92191
191,28,Florence,Winston Salem,North Carolina,27105
192,65,Scoville,Reno,Nevada,89550
193,37,Service,Dallas,Texas,75205
194,65,Raven,Tucson,Arizona,85710
195,16,Fallview,Palm Bay,Florida,32909
196,45,Manitowish,Spokane,Washington,99205
197,84,Welch,Washington,District of Columbia,20260
198,21,Lake View,Shawnee Mission,Kansas,66225
199,53,Dawn,Louisville,Kentucky,40225
200,74,Melvin,Los Angeles,California,90045
201,33,Crescent Oaks,Minneapolis,Minnesota,55436
202,69,Larry,Omaha,Nebraska,68105
203,72,Harbort,Saint Louis,Missouri,63143
204,83,Maywood,Miami,Florida,33153
205,59,Corry,San Luis Obispo,California,93407
206,77,Butterfield,Washington,District of Columbia,20370
207,27,Cody,Joliet,Illinois,60435
208,37,Memorial,Fort Smith,Arkansas,72916
209,2,International,Chico,California,95973
210,25,Acker,Los Angeles,California,90055
211,99,Kim,Durham,North Carolina,27705
212,41,Scoville,Oceanside,California,92056
213,7,Continental,Reno,Nevada,89550
214,10,Autumn Leaf,New York City,New York,10270
215,76,Oriole,San Jose,California,95113
216,94,Algoma,Los Angeles,California,90015
217,6,Jenna,Tulsa,Oklahoma,74170
218,27,Pearson,Fargo,North Dakota,58122
219,69,Sullivan,Youngstown,Ohio,44511
220,10,Blue Bill Park,Panama City,Florida,32412
221,36,Utah,Johnson City,Tennessee,37605
222,58,Express,Chattanooga,Tennessee,37450
223,48,Sommers,Atlanta,Georgia,30368
224,78,Fallview,Rochester,New York,14609
225,92,Ramsey,Spokane,Washington,99252
226,9,Riverside,Clearwater,Florida,34629
227,98,Stone Corner,Jacksonville,Florida,32259
228,53,South,Atlanta,Georgia,31132
229,80,Waxwing,Columbus,Ohio,43240
230,61,Bonner,Troy,Michigan,48098
231,80,Waywood,Cumming,Georgia,30130
232,21,Oak Valley,Mobile,Alabama,36628
233,5,Utah,Daytona Beach,Florida,32118
234,81,Cody,Fort Lauderdale,Florida,33305
235,1,Bellgrove,New Haven,Connecticut,06505
236,41,Hooker,Washington,District of Columbia,20397
237,21,Vera,Washington,District of Columbia,20456
238,76,Dexter,Houston,Texas,77260
239,20,Sachs,Naples,Florida,33963
240,100,Upham,Lansing,Michigan,48956
241,16,Stone Corner,Roanoke,Virginia,24004
242,65,Kedzie,Cape Coral,Florida,33915
243,33,Brentwood,Miami,Florida,33233
244,97,Elgar,Santa Cruz,California,95064
245,17,Laurel,Kansas City,Missouri,64142
246,7,Corscot,Kansas City,Missouri,64153
247,93,Memorial,Tacoma,Washington,98442
248,54,Troy,Los Angeles,California,90005
249,78,Kedzie,Denver,Colorado,80217
250,36,Mariners Cove,Pinellas Park,Florida,34665
251,53,Claremont,New York City,New York,10009
252,7,Erie,Brooklyn,New York,11210
253,12,Village Green,Tacoma,Washington,98411
254,14,Butterfield,Denver,Colorado,80228
255,77,Veith,Phoenix,Arizona,85025
256,84,Daystar,Dallas,Texas,75221
257,63,Barby,Louisville,Kentucky,40225
258,5,Ridgeview,New Brunswick,New Jersey,08922
259,45,Susan,Modesto,California,95354
260,18,Independence,San Mateo,California,94405
261,76,Macpherson,Kent,Washington,98042
262,53,Eastlawn,Carol Stream,Illinois,60158
263,11,Ludington,Miami,Florida,33245
264,4,Packers,Portsmouth,New Hampshire,03804
265,82,Old Shore,Bronx,New York,10454
266,19,Caliangt,Tempe,Arizona,85284
267,71,Northridge,Boca Raton,Florida,33487
268,47,Lighthouse Bay,Columbus,Ohio,43204
269,52,Emmet,Dallas,Texas,75323
270,7,Kim,Las Vegas,Nevada,89150
271,92,Eastwood,Philadelphia,Pennsylvania,19172
272,26,Little Fleur,Fairfax,Virginia,22036
273,40,Spaight,Milwaukee,Wisconsin,53277
274,98,Ohio,Cincinnati,Ohio,45208
275,11,Swallow,Charleston,West Virginia,25326
276,58,Lakeland,Saint Cloud,Minnesota,56372
277,14,Scofield,Elizabeth,New Jersey,07208
278,72,Luster,El Paso,Texas,88574
279,21,Monica,New York City,New York,10079
280,93,Rieder,Akron,Ohio,44321
281,81,Bowman,Louisville,Kentucky,40256
282,52,Katie,Springfield,Illinois,62776
283,24,Sauthoff,Murfreesboro,Tennessee,37131
284,34,Larry,Boise,Idaho,83727
285,26,Mitchell,Portsmouth,New Hampshire,00214
286,33,Scoville,Birmingham,Alabama,35279
287,81,Hauk,Reno,Nevada,89510
288,39,Barnett,Atlanta,Georgia,30386
289,89,Londonderry,Louisville,Kentucky,40215
290,20,Fair Oaks,San Jose,California,95160
291,88,Elka,Charlotte,North Carolina,28230
292,28,Butternut,Pompano Beach,Florida,33064
293,48,Amoth,Youngstown,Ohio,44511
294,18,Scofield,Ogden,Utah,84403
295,70,Dwight,Boise,Idaho,83705
296,34,Marquette,Salt Lake City,Utah,84125
297,48,Truax,Newton,Massachusetts,02458
298,78,Linden,Honolulu,Hawaii,96805
299,63,Butterfield,Charleston,West Virginia,25336
300,17,Tony,Colorado Springs,Colorado,80920
301,92,Spohn,Monroe,Louisiana,71208
302,7,Hayes,Fayetteville,North Carolina,28305
303,13,Burning Wood,Indianapolis,Indiana,46226
304,17,Algoma,Tampa,Florida,33680
305,69,Browning,El Paso,Texas,88553
306,63,Garrison,Honolulu,Hawaii,96805
307,100,Dayton,Kansas City,Missouri,64144
308,72,Stoughton,New York City,New York,10014
309,85,Northport,Minneapolis,Minnesota,55436
310,59,Packers,San Bernardino,California,92410
311,96,Eastwood,Akron,Ohio,44315
312,9,Mendota,Springfield,Missouri,65810
313,82,Mockingbird,Indianapolis,Indiana,46226
314,94,Burrows,Minneapolis,Minnesota,55412
315,23,Sunfield,Charlotte,North Carolina,28263
316,70,Truax,Houston,Texas,77025
317,67,Esch,Tucson,Arizona,85715
318,31,Old Shore,Great Neck,New York,11024
319,17,Carberry,San Diego,California,92165
320,68,Hoepker,Columbus,Ohio,43240
321,77,North,Scranton,Pennsylvania,18514
322,28,Spaight,New Orleans,Louisiana,70124
323,75,Roxbury,Washington,District of Columbia,56944
324,70,Fulton,Orlando,Florida,32885
325,40,Cascade,El Paso,Texas,88589
326,82,Manufacturers,Cincinnati,Ohio,45223
327,94,Leroy,Punta Gorda,Florida,33982
328,42,Kenwood,Pittsburgh,Pennsylvania,15266
329,44,North,Boca Raton,Florida,33499
330,56,Alpine,Richmond,Virginia,23260
331,98,Caliangt,Erie,Pennsylvania,16534
332,72,8th,Washington,District of Columbia,20299
333,52,Thackeray,Durham,North Carolina,27705
334,46,Schiller,Garden Grove,California,92645
335,68,Dunning,Norman,Oklahoma,73071
336,29,Alpine,Cincinnati,Ohio,45264
337,76,7th,Punta Gorda,Florida,33982
338,59,Gale,Miami,Florida,33261
339,3,Bluestem,Virginia Beach,Virginia,23464
340,77,Tony,Mobile,Alabama,36610
341,63,Lawn,Naperville,Illinois,60567
342,80,Onsgard,New York City,New York,10004
343,63,Arkansas,Lubbock,Texas,79452
344,100,Farragut,Oklahoma City,Oklahoma,73147
345,26,Rutledge,Austin,Texas,78726
346,17,Katie,Van Nuys,California,91499
347,89,Rutledge,Rochester,New York,14683
348,5,Kipling,Corpus Christi,Texas,78475
349,65,Lake View,Oklahoma City,Oklahoma,73190
350,93,Esch,Boise,Idaho,83727
351,58,Browning,Los Angeles,California,90065
352,36,Ohio,Pensacola,Florida,32575
353,76,Kinsman,Dayton,Ohio,45419
354,34,Victoria,Charleston,West Virginia,25321
355,80,Morning,Reno,Nevada,89510
356,40,Jenna,Pittsburgh,Pennsylvania,15215
357,75,Mallory,Lansing,Michigan,48956
358,76,Pine View,Portland,Oregon,97240
359,93,Barnett,Washington,District of Columbia,20557
360,95,Warrior,Dallas,Texas,75205
361,90,Clove,Saint Louis,Missouri,63104
362,50,Carberry,San Francisco,California,94177
363,54,Nelson,Denver,Colorado,80241
364,58,Corry,Dallas,Texas,75226
365,32,Carberry,Naples,Florida,33963
366,19,Hoffman,Sacramento,California,95838
367,68,Everett,Cleveland,Ohio,44185
368,68,1st,New Orleans,Louisiana,70187
369,42,American,Dallas,Texas,75287
370,32,Anhalt,Dayton,Ohio,45419
371,54,Thompson,Honolulu,Hawaii,96835
372,16,Eagle Crest,Pasadena,Texas,77505
373,39,Transport,Abilene,Texas,79605
374,67,Mayfield,Harrisburg,Pennsylvania,17140
375,52,Jackson,Greenville,South Carolina,29605
376,55,Monterey,Milwaukee,Wisconsin,53234
377,34,Truax,Tampa,Florida,33686
378,3,Surrey,Austin,Texas,78789
379,1,Melby,El Paso,Texas,88574
380,65,Parkside,Minneapolis,Minnesota,55441
381,14,Larry,White Plains,New York,10633
382,31,Lyons,Brockton,Massachusetts,02305
383,86,Mayfield,Pensacola,Florida,32595
384,55,Dorton,Des Moines,Iowa,50310
385,77,Bobwhite,Hialeah,Florida,33013
386,44,Norway Maple,Lake Worth,Florida,33462
387,32,Goodland,Columbus,Ohio,43226
388,78,Northwestern,Las Vegas,Nevada,89135
389,4,Ronald Regan,Metairie,Louisiana,70005
390,13,Bluejay,Colorado Springs,Colorado,80951
391,59,Eggendart,Fresno,California,93726
392,88,Lyons,Scottsdale,Arizona,85260
393,19,Grasskamp,Grand Rapids,Michigan,49560
394,2,Cascade,Dulles,Virginia,20189
395,66,Fulton,Toledo,Ohio,43699
396,79,Westerfield,Dallas,Texas,75287
397,26,Doe Crossing,Albuquerque,New Mexico,87105
398,27,Pleasure,Kansas City,Missouri,64149
399,73,Browning,Gainesville,Florida,32610
400,75,Mallory,Riverside,California,92505
401,51,Hoffman,Houston,Texas,77228
402,12,Namekagon,Tacoma,Washington,98464
403,22,Spenser,Syracuse,New York,13224
404,38,Tennyson,Lake Worth,Florida,33467
405,36,Sutherland,Sacramento,California,94273
406,71,Longview,Waterbury,Connecticut,06721
407,8,Charing Cross,Muskegon,Michigan,49444
408,16,Fallview,Marietta,Georgia,30066
409,72,Warbler,Irvine,California,92619
410,58,Redwing,Jackson,Mississippi,39236
411,55,Roth,San Francisco,California,94159
412,51,Monica,Washington,District of Columbia,20503
413,27,Loomis,Virginia Beach,Virginia,23454
414,17,Heffernan,Albany,Georgia,31704
415,79,Heath,Kansas City,Missouri,64130
416,2,Pepper Wood,Lexington,Kentucky,40591
417,89,Schiller,San Diego,California,92153
418,58,Miller,Paterson,New Jersey,07505
419,89,American,Charleston,West Virginia,25356
420,40,Hermina,Jamaica,New York,11431
421,85,Delladonna,Honolulu,Hawaii,96850
422,97,Spaight,South Bend,Indiana,46614
423,60,Carpenter,Brooklyn,New York,11247
424,51,Mayfield,Oklahoma City,Oklahoma,73109
425,17,Manufacturers,Lansing,Michigan,48912
426,97,Mcbride,Des Moines,Iowa,50320
427,91,Elmside,Clearwater,Florida,34620
428,89,Dottie,New York City,New York,10175
429,18,Annamark,Oklahoma City,Oklahoma,73147
430,34,Derek,Arvada,Colorado,80005
431,51,Scott,Houston,Texas,77293
432,75,Caliangt,Topeka,Kansas,66642
433,85,Messerschmidt,El Paso,Texas,79911
434,50,Duke,Richmond,Virginia,23242
435,23,Loftsgordon,Sacramento,California,94250
436,88,Bunker Hill,Sacramento,California,94273
437,20,Bunting,Young America,Minnesota,55557
438,81,Lindbergh,Louisville,Kentucky,40256
439,47,Stang,Tulsa,Oklahoma,74149
440,34,Grasskamp,Las Vegas,Nevada,89160
441,16,Memorial,Columbus,Georgia,31914
442,36,Cordelia,Raleigh,North Carolina,27690
443,39,Crest Line,Saint Petersburg,Florida,33705
444,23,Memorial,Orlando,Florida,32803
445,18,Glendale,Montgomery,Alabama,36134
446,30,Veith,Burbank,California,91505
447,10,Portage,Charlottesville,Virginia,22903
448,20,Northwestern,Miami,Florida,33134
449,91,Fairfield,Stockton,California,95219
450,24,Fairview,Richmond,Virginia,23260
451,48,Granby,Oakland,California,94611
452,9,Ruskin,Washington,District of Columbia,20226
453,48,Maple Wood,Shawnee Mission,Kansas,66215
454,94,Lawn,Burbank,California,91505
455,97,Lerdahl,Louisville,Kentucky,40293
456,16,Banding,Greeley,Colorado,80638
457,64,Cardinal,Danbury,Connecticut,06816
458,16,Clarendon,Indianapolis,Indiana,46278
459,10,Springs,Huntington,West Virginia,25770
460,79,Erie,Jamaica,New York,11431
461,35,Rusk,Springfield,Illinois,62756
462,49,Clove,New York City,New York,10099
463,33,Lakewood Gardens,Springfield,Illinois,62711
464,22,Becker,Jacksonville,Florida,32230
465,57,Emmet,Kansas City,Missouri,64190
466,84,Hovde,Fort Smith,Arkansas,72916
467,28,Ridge Oak,Sacramento,California,95828
468,43,Atwood,Dayton,Ohio,45426
469,58,Arizona,New York City,New York,10004
470,32,Cascade,Phoenix,Arizona,85015
471,77,Bultman,Evansville,Indiana,47705
472,31,Barby,Washington,District of Columbia,20409
473,43,Lyons,Peoria,Illinois,61635
474,75,Namekagon,Petaluma,California,94975
475,80,American Ash,Austin,Texas,78721
476,94,Schiller,Lafayette,Louisiana,70505
477,35,David,Gary,Indiana,46406
478,60,Barby,Fort Smith,Arkansas,72905
479,19,Scofield,Fort Worth,Texas,76129
480,66,Muir,Falls Church,Virginia,22047
481,45,International,Anchorage,Alaska,99517
482,60,Transport,Milwaukee,Wisconsin,53263
483,60,Oakridge,Washington,District of Columbia,20016
484,67,Muir,Columbus,Georgia,31998
485,77,Artisan,Houston,Texas,77085
486,37,Ridgeway,Tacoma,Washington,98447
487,43,Columbus,New York City,New York,10203
488,60,Kinsman,Anchorage,Alaska,99512
489,46,Melby,Raleigh,North Carolina,27615
490,45,Prentice,Stockton,California,95298
491,93,Cherokee,San Jose,California,95155
492,63,Miller,Odessa,Texas,79769
493,73,Maywood,Houston,Texas,77035
494,48,Dexter,Springfield,Massachusetts,01105
495,23,Scott,Kingsport,Tennessee,37665
496,22,Fremont,Newport News,Virginia,23612
497,2,Luster,Orlando,Florida,32885
498,95,Sauthoff,Maple Plain,Minnesota,55572
499,71,Calypso,Waltham,Massachusetts,02453
500,11,Kensington,Charlotte,North Carolina,28263
501,89,Menomonie,Austin,Texas,78754
502,22,Northland,Rockford,Illinois,61105
503,13,Dapin,Grand Forks,North Dakota,58207
504,78,Morning,Myrtle Beach,South Carolina,29579
505,13,Wayridge,Bakersfield,California,93386
506,59,Dryden,Atlanta,Georgia,30351
507,56,Dennis,Hartford,Connecticut,06140
508,3,Dovetail,Tampa,Florida,33694
509,51,Loeprich,Long Beach,California,90831
510,72,Kim,Springfield,Ohio,45505
511,99,Moland,Grand Rapids,Michigan,49560
512,84,Nevada,Troy,Michigan,48098
513,82,Pearson,Tulsa,Oklahoma,74184
514,32,2nd,Salt Lake City,Utah,84170
515,48,Mayer,Suffolk,Virginia,23436
516,37,Meadow Valley,Oklahoma City,Oklahoma,73190
517,91,Clarendon,Las Vegas,Nevada,89135
518,60,Di Loreto,Kansas City,Missouri,64149
519,50,Basil,Ashburn,Virginia,22093
520,12,Claremont,Fort Worth,Texas,76192
521,52,Delaware,Washington,District of Columbia,20520
522,46,Di Loreto,San Antonio,Texas,78240
523,80,Crescent Oaks,Myrtle Beach,South Carolina,29579
524,37,Northridge,Colorado Springs,Colorado,80945
525,57,Arrowood,Los Angeles,California,90040
526,77,Thierer,Little Rock,Arkansas,72231
527,11,Little Fleur,Olympia,Washington,98516
528,1,Sutherland,Philadelphia,Pennsylvania,19151
529,1,Paget,Albany,New York,12255
530,81,Kenwood,Inglewood,California,90305
531,20,Jenna,Saint Louis,Missouri,63167
532,1,Arapahoe,Wilmington,North Carolina,28405
533,100,Saint Paul,Littleton,Colorado,80126
534,3,Starling,Alexandria,Virginia,22313
535,89,Leroy,Nashville,Tennessee,37210
536,32,Sutherland,New York City,New York,10170
537,4,Pennsylvania,Lees Summit,Missouri,64082
538,9,Alpine,Atlanta,Georgia,30316
539,40,Loftsgordon,Orlando,Florida,32825
540,9,Superior,Birmingham,Alabama,35254
541,28,Morrow,Fresno,California,93762
542,12,Garrison,Daytona Beach,Florida,32128
543,33,Golf,Phoenix,Arizona,85099
544,56,Bayside,Dallas,Texas,75387
545,51,Rockefeller,Jacksonville,Florida,32259
546,2,Lien,Rochester,New York,14619
547,33,Ridge Oak,Boston,Massachusetts,02114
548,10,Jana,Newton,Massachusetts,02162
549,6,Alpine,San Diego,California,92191
550,95,Golf,Pittsburgh,Pennsylvania,15210
551,20,David,Des Moines,Iowa,50305
552,26,Melby,Houston,Texas,77218
553,39,Warner,Houston,Texas,77015
554,5,Sherman,Abilene,Texas,79605
555,9,Lake View,Louisville,Kentucky,40205
556,13,Starling,Jacksonville,Florida,32204
557,75,Carpenter,Arvada,Colorado,80005
558,71,Norway Maple,Bronx,New York,10464
559,17,Vera,Phoenix,Arizona,85072
560,99,Transport,West Palm Beach,Florida,33411
561,98,Trailsway,Spartanburg,South Carolina,29305
562,90,Delladonna,San Jose,California,95133
563,19,Michigan,Houston,Texas,77288
564,88,Arizona,Lake Charles,Louisiana,70616
565,92,Loftsgordon,Sacramento,California,95838
566,22,Memorial,El Paso,Texas,79999
567,16,South,Fort Myers,Florida,33913
568,77,Summerview,Johnson City,Tennessee,37605
569,93,Raven,Knoxville,Tennessee,37914
570,21,Schurz,Hattiesburg,Mississippi,39404
571,50,Porter,Bryan,Texas,77806
572,94,American Ash,Indianapolis,Indiana,46231
573,63,Division,Tuscaloosa,Alabama,35405
574,50,Hooker,Pensacola,Florida,32575
575,69,Monterey,Pompano Beach,Florida,33064
576,49,Corscot,San Jose,California,95150
577,33,Pine View,Syracuse,New York,13217
578,98,Dunning,Los Angeles,California,90040
579,87,Browning,Amarillo,Texas,79159
580,55,Stuart,Akron,Ohio,44321
581,64,Fordem,Greensboro,North Carolina,27499
582,72,Maryland,Minneapolis,Minnesota,55480
583,8,Ludington,San Francisco,California,94169
584,53,Ludington,Santa Rosa,California,95405
585,74,Gina,El Paso,Texas,79928
586,55,Arizona,Portland,Oregon,97286
587,75,Bashford,Lansing,Michigan,48912
588,73,Warner,El Paso,Texas,88589
589,27,Brentwood,Independence,Missouri,64054
590,25,Brentwood,New Orleans,Louisiana,70154
591,66,Caliangt,Evansville,Indiana,47705
592,29,Thompson,Washington,District of Columbia,20220
593,56,Wayridge,Duluth,Georgia,30195
594,54,Arkansas,Aurora,Colorado,80015
595,25,Hanover,Boston,Massachusetts,02119
596,88,Kings,Amarillo,Texas,79165
597,63,Linden,Washington,District of Columbia,20557
598,78,Kenwood,Anchorage,Alaska,99512
599,52,Lillian,Miami,Florida,33142
600,51,Springs,Tyler,Texas,75705
601,65,Dexter,Omaha,Nebraska,68144
602,71,American,Salt Lake City,Utah,84120
603,51,Hagan,Minneapolis,Minnesota,55470
604,48,Buena Vista,Washington,District of Columbia,20029
605,12,Chive,Newark,Delaware,19725
606,99,Paget,Pompano Beach,Florida,33064
607,3,Oxford,Carol Stream,Illinois,60351
608,16,Browning,San Diego,California,92115
609,50,Anthes,Green Bay,Wisconsin,54305
610,90,Southridge,Washington,District of Columbia,20414
611,70,Dixon,Nashville,Tennessee,37245
612,18,Burrows,Oklahoma City,Oklahoma,73142
613,34,Dryden,New Orleans,Louisiana,70174
614,29,Scoville,Pittsburgh,Pennsylvania,15210
615,17,Scofield,Spring,Texas,77386
616,21,Russell,Melbourne,Florida,32941
617,85,Ruskin,Shawnee Mission,Kansas,66286
618,47,Mayfield,Austin,Texas,78726
619,52,Sheridan,Monticello,Minnesota,55565
620,67,Miller,Tulsa,Oklahoma,74184
621,80,Westerfield,San Francisco,California,94142
622,12,Larry,Fort Lauderdale,Florida,33355
623,33,Reinke,Seattle,Washington,98185
624,27,Anthes,Birmingham,Alabama,35290
625,77,Bobwhite,Washington,District of Columbia,20260
626,52,Dryden,Berkeley,California,94712
627,77,Surrey,Scranton,Pennsylvania,18514
628,72,Lindbergh,Jackson,Mississippi,39204
629,38,Melody,Denver,Colorado,80228
630,80,7th,Houston,Texas,77266
631,9,Summerview,Florence,South Carolina,29505
632,51,Westport,Saint Louis,Missouri,63169
633,23,Ilene,San Bernardino,California,92424
634,3,Mcbride,Amarillo,Texas,79188
635,71,Washington,Columbus,Mississippi,39705
636,45,Shasta,Baltimore,Maryland,21216
637,27,Johnson,Duluth,Georgia,30096
638,38,Ridge Oak,Des Moines,Iowa,50315
639,21,Westport,New York City,New York,10009
640,41,Judy,Birmingham,Alabama,35295
641,4,Marquette,Valdosta,Georgia,31605
642,73,Boyd,Kansas City,Missouri,64199
643,20,Dixon,San Antonio,Texas,78210
644,15,Eastlawn,Sioux City,Iowa,51105
645,42,Algoma,Amarillo,Texas,79171
646,34,Amoth,Anaheim,California,92825
647,42,Eastwood,Cincinnati,Ohio,45228
648,75,American Ash,Pittsburgh,Pennsylvania,15210
649,76,Service,Charlotte,North Carolina,28263
650,43,Northfield,Dayton,Ohio,45403
651,57,Mitchell,Atlanta,Georgia,30380
652,2,Vidon,El Paso,Texas,88584
653,81,Jenna,Virginia Beach,Virginia,23454
654,73,Toban,San Diego,California,92186
655,46,Del Sol,Bonita Springs,Florida,34135
656,96,Heffernan,Brooklyn,New York,11215
657,29,West,Washington,District of Columbia,20210
658,87,Forster,Washington,District of Columbia,20575
659,35,Corscot,Cincinnati,Ohio,45243
660,40,American,Lincoln,Nebraska,68517
661,2,Spenser,Saginaw,Michigan,48604
662,1,Trailsway,Huntsville,Alabama,35805
663,38,Sloan,El Paso,Texas,79984
664,12,Westridge,Indianapolis,Indiana,46226
665,16,Barby,Schenectady,New York,12325
666,46,Melvin,Lake Charles,Louisiana,70607
667,79,Hoard,Oklahoma City,Oklahoma,73114
668,55,Fremont,Macon,Georgia,31217
669,83,Redwing,Austin,Texas,78754
670,38,Helena,Los Angeles,California,90055
671,87,Cherokee,Oklahoma City,Oklahoma,73114
672,45,Derek,Fort Wayne,Indiana,46862
673,62,Melody,Los Angeles,California,90005
674,65,Northport,Fort Smith,Arkansas,72916
675,79,Evergreen,San Antonio,Texas,78220
676,65,Meadow Vale,Spokane,Washington,99210
677,36,Melrose,Jefferson City,Missouri,65110
678,27,Johnson,Torrance,California,90505
679,75,Pine View,Jamaica,New York,11447
680,91,Clove,Tyler,Texas,75705
681,62,Farmco,Colorado Springs,Colorado,80905
682,1,Tony,Albany,New York,12222
683,17,Pawling,Indianapolis,Indiana,46278
684,64,Cambridge,Stamford,Connecticut,06922
685,29,Express,Bradenton,Florida,34282
686,51,Delaware,Scottsdale,Arizona,85271
687,8,Aberg,Charlotte,North Carolina,28278
688,6,Rieder,Palmdale,California,93591
689,84,Main,Minneapolis,Minnesota,55407
690,68,Service,Hartford,Connecticut,06160
691,76,Maryland,Knoxville,Tennessee,37931
692,27,Golf,Richmond,Virginia,23225
693,66,Russell,Baltimore,Maryland,21211
694,50,Meadow Vale,Raleigh,North Carolina,27615
695,3,Thackeray,Austin,Texas,78783
696,46,Village,Marietta,Georgia,30066
697,87,Holy Cross,Washington,District of Columbia,20029
698,93,Dapin,Albany,New York,12247
699,76,Clemons,Topeka,Kansas,66617
700,58,Moose,Young America,Minnesota,55564
701,56,Sundown,College Station,Texas,77844
702,22,Acker,Saint Louis,Missouri,63150
703,46,Gina,San Antonio,Texas,78210
704,50,Arizona,Dallas,Texas,75379
705,89,Kennedy,North Las Vegas,Nevada,89087
706,45,Merrick,Salt Lake City,Utah,84110
707,36,Dakota,Stockton,California,95298
708,59,Waubesa,Salt Lake City,Utah,84170
709,69,Mayer,New York City,New York,10110
710,23,Browning,Jackson,Mississippi,39282
711,90,Eagan,Toledo,Ohio,43615
712,65,Meadow Vale,Abilene,Texas,79605
713,46,Homewood,Omaha,Nebraska,68197
714,87,Northview,Indianapolis,Indiana,46239
715,38,Scofield,Denver,Colorado,80235
716,83,Browning,Trenton,New Jersey,08638
717,26,Blackbird,Milwaukee,Wisconsin,53225
718,68,Lakewood,Reston,Virginia,20195
719,39,Village,San Jose,California,95155
720,26,Quincy,Oklahoma City,Oklahoma,73173
721,3,Annamark,Schaumburg,Illinois,60193
722,66,Lakewood,Monticello,Minnesota,55565
723,71,Kim,Birmingham,Alabama,35285
724,49,Caliangt,Albany,Georgia,31704
725,79,Utah,Tallahassee,Florida,32314
726,46,Gateway,Roanoke,Virginia,24048
727,100,Carey,Kansas City,Missouri,64179
728,3,Roxbury,Chicago,Illinois,60604
729,48,John Wall,Tampa,Florida,33633
730,76,5th,Albany,Georgia,31704
731,79,Northfield,Memphis,Tennessee,38119
732,37,Spohn,Denver,Colorado,80255
733,58,Morrow,Terre Haute,Indiana,47805
734,20,Sutherland,San Bernardino,California,92405
735,100,Delladonna,Huntington,West Virginia,25711
736,37,Graceland,Charlotte,North Carolina,28220
737,36,Sycamore,Los Angeles,California,90025
738,8,Talisman,Spokane,Washington,99260
739,32,South,Hagerstown,Maryland,21747
740,45,Northfield,Los Angeles,California,90189
741,17,Crescent Oaks,San Antonio,Texas,78296
742,100,Vidon,Columbus,Ohio,43210
743,3,Calypso,Louisville,Kentucky,40287
744,57,Independence,Trenton,New Jersey,08695
745,58,Pine View,Saint Louis,Missouri,63104
746,25,Myrtle,Fargo,North Dakota,58122
747,20,Rutledge,Corpus Christi,Texas,78405
748,50,Waubesa,Atlanta,Georgia,30358
749,20,Carberry,Cincinnati,Ohio,45271
750,22,Center,Humble,Texas,77346
751,17,Kennedy,Riverside,California,92505
752,43,Namekagon,Beaverton,Oregon,97075
753,50,Petterle,Richmond,Virginia,23242
754,51,Hooker,Louisville,Kentucky,40225
755,7,Atwood,Newark,Delaware,19725
756,87,Artisan,Mc Keesport,Pennsylvania,15134
757,85,Jana,Springfield,Missouri,65810
758,28,Grover,Fort Worth,Texas,76134
759,21,Redwing,Anchorage,Alaska,99507
760,49,7th,Hot Springs National Park,Arkansas,71914
761,79,Pearson,Fort Wayne,Indiana,46896
762,17,Southridge,Prescott,Arizona,86305
763,51,Haas,Terre Haute,Indiana,47812
764,49,Scoville,Albuquerque,New Mexico,87180
765,88,Pine View,Brooklyn,New York,11236
766,52,Eagan,Peoria,Illinois,61635
767,81,Waubesa,Maple Plain,Minnesota,55572
768,13,Sugar,Lake Charles,Louisiana,70607
769,12,Hoepker,Des Moines,Iowa,50362
770,50,Jana,Charlotte,North Carolina,28263
771,93,Melrose,Seattle,Washington,98115
772,17,Emmet,Van Nuys,California,91411
773,11,Oak Valley,Orlando,Florida,32859
774,12,Pankratz,Los Angeles,California,90010
775,32,North,Staten Island,New York,10305
776,59,Columbus,Phoenix,Arizona,85040
777,3,Forest Run,Jackson,Mississippi,39236
778,67,Vidon,Charleston,West Virginia,25313
779,84,American Ash,Paterson,New Jersey,07505
780,45,Brown,Englewood,Colorado,80150
781,34,Hooker,Washington,District of Columbia,20337
782,5,Mockingbird,Norfolk,Virginia,23509
783,49,Thierer,Louisville,Kentucky,40220
784,69,Norway Maple,Atlanta,Georgia,31196
785,74,Vernon,El Paso,Texas,88541
786,49,Anniversary,Peoria,Illinois,61635
787,9,Fairfield,Jacksonville,Florida,32225
788,55,Fordem,Anaheim,California,92805
789,5,Coolidge,College Station,Texas,77844
790,86,Clyde Gallagher,Savannah,Georgia,31416
791,93,Sullivan,Lexington,Kentucky,40546
792,15,Quincy,Evansville,Indiana,47737
793,79,Knutson,Boston,Massachusetts,02104
794,24,Arkansas,Erie,Pennsylvania,16522
795,84,Mendota,Portsmouth,New Hampshire,00214
796,81,Prairieview,Cincinnati,Ohio,45223
797,83,Lerdahl,El Paso,Texas,88574
798,73,Troy,Chicago,Illinois,60619
799,81,Mallard,Nashville,Tennessee,37228
800,59,Sunfield,Largo,Florida,34643
801,1,Darwin,Huntsville,Alabama,35815
802,33,Swallow,Fayetteville,North Carolina,28305
803,13,Dovetail,Wichita,Kansas,67215
804,5,Glacier Hill,Buffalo,New York,14210
805,3,Portage,Milwaukee,Wisconsin,53263
806,81,5th,San Jose,California,95128
807,76,North,Baltimore,Maryland,21290
808,67,Spaight,Atlanta,Georgia,30340
809,36,Esker,Charleston,West Virginia,25389
810,75,Pine View,Memphis,Tennessee,38104
811,29,Mayer,El Paso,Texas,88574
812,20,Northfield,Dallas,Texas,75260
813,70,Mayfield,Trenton,New Jersey,08603
814,53,Portage,Washington,District of Columbia,20420
815,65,Hanson,San Diego,California,92165
816,89,Green,Colorado Springs,Colorado,80995
817,75,Marquette,Huntsville,Texas,77343
818,50,Schlimgen,Orlando,Florida,32859
819,50,Dorton,Lafayette,Louisiana,70593
820,52,Ludington,Chicago,Illinois,60646
821,31,Pearson,Longview,Texas,75605
822,87,Helena,Seattle,Washington,98158
823,14,Burning Wood,Stamford,Connecticut,06912
824,11,Harper,Salinas,California,93907
825,52,Rockefeller,Des Moines,Iowa,50369
826,18,Mockingbird,Fort Lauderdale,Florida,33325
827,44,Michigan,Worcester,Massachusetts,01610
828,33,Hazelcrest,Greensboro,North Carolina,27409
829,34,Mifflin,Sacramento,California,95838
830,40,Thierer,Tempe,Arizona,85284
831,91,3rd,Odessa,Texas,79764
832,14,Packers,Arlington,Virginia,22212
833,65,Stone Corner,Amarillo,Texas,79182
834,65,Harbort,Fargo,North Dakota,58106
835,66,Hovde,Pittsburgh,Pennsylvania,15205
836,7,Milwaukee,Pensacola,Florida,32505
837,74,Mosinee,Honolulu,Hawaii,96820
838,61,Crownhardt,Schenectady,New York,12325
839,70,North,Lubbock,Texas,79405
840,22,Carpenter,Durham,North Carolina,27705
841,48,Bowman,Saint Paul,Minnesota,55114
842,26,Mosinee,Missoula,Montana,59806
843,15,Graceland,Dallas,Texas,75353
844,69,Karstens,Washington,District of Columbia,20067
845,19,Oakridge,Jackson,Mississippi,39236
846,78,Sachtjen,Wilmington,Delaware,19892
847,90,Hooker,Columbia,South Carolina,29225
848,94,Bartelt,Peoria,Arizona,85383
849,26,Cherokee,Scranton,Pennsylvania,18505
850,79,Sugar,Cleveland,Ohio,44130
851,39,Hollow Ridge,Bryan,Texas,77806
852,70,School,Norcross,Georgia,30092
853,93,Steensland,Baltimore,Maryland,21265
854,33,Rutledge,Manchester,New Hampshire,03105
855,45,Holy Cross,Mansfield,Ohio,44905
856,79,Manufacturers,Salt Lake City,Utah,84152
857,78,Pierstorff,Portland,Oregon,97255
858,74,Kennedy,Austin,Texas,78726
859,34,Holy Cross,San Antonio,Texas,78296
860,42,Bartelt,Panama City,Florida,32405
861,96,Oxford,Jamaica,New York,11436
862,89,Southridge,San Jose,California,95118
863,7,Bunting,Philadelphia,Pennsylvania,19093
864,30,Thierer,Lansing,Michigan,48901
865,98,Sage,Lincoln,Nebraska,68517
866,25,Mesta,Raleigh,North Carolina,27635
867,78,Buena Vista,Charleston,West Virginia,25321
868,4,Gateway,Columbus,Georgia,31998
869,88,Main,Birmingham,Alabama,35279
870,28,Blaine,New York City,New York,10034
871,48,Calypso,Savannah,Georgia,31410
872,10,Randy,Maple Plain,Minnesota,55572
873,14,Westend,Chandler,Arizona,85246
874,82,Oneill,Vienna,Virginia,22184
875,5,Goodland,Santa Fe,New Mexico,87505
876,68,Golf Course,Birmingham,Alabama,35205
877,61,Merrick,El Paso,Texas,88563
878,85,Stoughton,Kansas City,Missouri,64142
879,23,Maple,Palo Alto,California,94302
880,56,Fuller,El Paso,Texas,79911
881,60,Riverside,Kansas City,Missouri,64125
882,55,Hayes,Plano,Texas,75074
883,98,Evergreen,Utica,New York,13505
884,74,Nobel,Fort Wayne,Indiana,46805
885,2,Hooker,Lexington,Kentucky,40596
886,82,Carpenter,Madison,Wisconsin,53726
887,49,Nelson,Jackson,Mississippi,39282
888,90,Norway Maple,Cedar Rapids,Iowa,52410
889,33,Garrison,Carol Stream,Illinois,60351
890,100,East,Alexandria,Virginia,22313
891,55,Sheridan,Tucson,Arizona,85715
892,84,Sugar,Birmingham,Alabama,35279
893,99,American,North Hollywood,California,91616
894,8,Hoepker,Phoenix,Arizona,85099
895,75,Cottonwood,San Diego,California,92110
896,55,Nancy,Santa Rosa,California,95405
897,63,Steensland,San Antonio,Texas,78278
898,62,Gulseth,Wilkes Barre,Pennsylvania,18706
899,26,Leroy,Troy,Michigan,48098
900,60,Truax,Indianapolis,Indiana,46226
901,17,Ramsey,Oklahoma City,Oklahoma,73124
902,62,Elka,Louisville,Kentucky,40215
903,78,Burrows,Saint Louis,Missouri,63150
904,50,Fallview,Nashville,Tennessee,37250
905,25,Pearson,Dulles,Virginia,20189
906,23,Mendota,Jamaica,New York,11407
907,39,Eastlawn,Dallas,Texas,75353
908,43,Mayfield,Galveston,Texas,77554
909,32,Jenifer,Washington,District of Columbia,20010
910,92,Sherman,Boston,Massachusetts,02203
911,42,Hudson,Des Moines,Iowa,50305
912,47,2nd,Los Angeles,California,90101
913,67,Buena Vista,Hicksville,New York,11854
914,60,Vermont,Fort Lauderdale,Florida,33315
915,28,Amoth,Dallas,Texas,75251
916,74,Sullivan,Atlanta,Georgia,30301
917,95,Hudson,Las Vegas,Nevada,89140
918,84,Oneill,West Palm Beach,Florida,33416
919,53,Carpenter,Los Angeles,California,90055
920,62,Eggendart,Gastonia,North Carolina,28055
921,27,Novick,Omaha,Nebraska,68179
922,13,Little Fleur,Baltimore,Maryland,21265
923,28,Buena Vista,Birmingham,Alabama,35225
924,57,High Crossing,Colorado Springs,Colorado,80945
925,61,Burning Wood,Albany,New York,12255
926,8,Bunting,Oklahoma City,Oklahoma,73114
927,16,Thompson,Denver,Colorado,80270
928,70,Darwin,Chicago,Illinois,60609
929,65,Bowman,Washington,District of Columbia,20088
930,56,Old Gate,Omaha,Nebraska,68179
931,87,Warbler,Chicago,Illinois,60663
932,37,Forest,Houston,Texas,77095
933,77,Pawling,Mobile,Alabama,36628
934,25,Debs,Fairbanks,Alaska,99790
935,50,Becker,Montgomery,Alabama,36134
936,20,Magdeline,San Bernardino,California,92424
937,60,Katie,Knoxville,Tennessee,37931
938,60,Tennyson,Jamaica,New York,11436
939,71,Harbort,Fort Myers,Florida,33994
940,61,Redwing,Atlanta,Georgia,31106
941,84,Parkside,New York City,New York,10292
942,95,Hoepker,Pasadena,California,91117
943,60,Waywood,Lehigh Acres,Florida,33972
944,38,Buell,Naples,Florida,34108
945,71,Knutson,Philadelphia,Pennsylvania,19109
946,87,Banding,Washington,District of Columbia,20260
947,45,Arrowood,Phoenix,Arizona,85053
948,28,Stang,Kalamazoo,Michigan,49048
949,26,Boyd,Reading,Pennsylvania,19605
950,78,Lindbergh,Sioux Falls,South Dakota,57198
951,14,Roth,Atlanta,Georgia,31119
952,97,Nobel,Spokane,Washington,99260
953,74,Hudson,Saginaw,Michigan,48604
954,2,Russell,Tulsa,Oklahoma,74184
955,11,Ohio,Washington,District of Columbia,20078
956,42,Almo,Albany,New York,12205
957,21,Trailsway,New York City,New York,10039
958,88,Holmberg,Atlanta,Georgia,30311
959,63,7th,Jacksonville,Florida,32236
960,27,Anzinger,Columbus,Mississippi,39705
961,25,Muir,Boston,Massachusetts,02203
962,85,Morrow,Newton,Massachusetts,02162
963,3,Fieldstone,New Orleans,Louisiana,70160
964,28,Kensington,Yonkers,New York,10705
965,59,Merchant,Salem,Oregon,97306
966,95,American Ash,Houston,Texas,77070
967,18,Transport,Tempe,Arizona,85284
968,66,Merchant,New York City,New York,10203
969,83,Logan,Lincoln,Nebraska,68524
970,88,Basil,Hicksville,New York,11854
971,73,6th,Bloomington,Indiana,47405
972,26,Prairieview,Atlanta,Georgia,31132
973,58,Basil,Sacramento,California,95823
974,11,Badeau,Dayton,Ohio,45414
975,79,Charing Cross,Milwaukee,Wisconsin,53225
976,14,Holmberg,Wilkes Barre,Pennsylvania,18706
977,89,3rd,Torrance,California,90505
978,62,Debra,Chicago,Illinois,60614
979,100,Schlimgen,Omaha,Nebraska,68179
980,92,Ohio,Charleston,West Virginia,25326
981,90,Bartelt,Columbia,South Carolina,29240
982,72,Victoria,Virginia Beach,Virginia,23471
983,53,Becker,Waco,Texas,76711
984,98,Westerfield,Boise,Idaho,83727
985,13,Johnson,Toledo,Ohio,43615
986,28,Hooker,Macon,Georgia,31210
987,74,6th,Washington,District of Columbia,20456
988,62,Mariners Cove,Baltimore,Maryland,21229
989,93,West,El Paso,Texas,79989
990,43,Kennedy,Minneapolis,Minnesota,55487
991,90,Nelson,Laredo,Texas,78044
992,44,Dayton,Richmond,Virginia,23213
993,10,Schlimgen,Houston,Texas,77010
994,13,Hovde,Las Vegas,Nevada,89125
995,17,Express,Buffalo,New York,14215
996,18,Welch,Dallas,Texas,75372
997,13,Calypso,Shawnee Mission,Kansas,66215
998,19,Crowley,Tulsa,Oklahoma,74156
999,42,Debra,Phoenix,Arizona,85062
1000,54,Gale,Lansing,Michigan,48930
